StockCode,Description,Category
21900,"KEY FOB , SHED",Gift & Novelty
22030,SWALLOWS GREETING CARD,Stationery & Gift Wrap
22182,CAKE STAND VICTORIAN FILIGREE SMALL,Kitchen & Dining
22470,HEART OF WICKER LARGE,Bags & Storage
21531,RED RETROSPOT SUGAR JAM BOWL,Kitchen & Dining
84970L,SINGLE HEART ZINC T-LIGHT HOLDER,Home Decor & Lighting
22894,TABLECLOTH RED APPLES DESIGN ,Uncategorized
22570,FELTCRAFT CUSHION RABBIT,Home Decor & Lighting
22356,CHARLOTTE BAG PINK POLKADOT,Bags & Storage
22077,6 RIBBONS RUSTIC CHARM,Stationery & Gift Wrap
22041,"RECORD FRAME 7"" SINGLE SIZE ",Home Decor & Lighting
22937,BAKING MOULD CHOCOLATE CUPCAKES,Kitchen & Dining
21592,RETROSPOT CIGAR BOX MATCHES ,Bags & Storage
22654,DELUXE SEWING KIT ,Craft & Hobby
37500,TEA TIME TEAPOT IN GIFT BOX,Kitchen & Dining
21818,GLITTER CHRISTMAS HEART ,Seasonal & Occasion
21918,SET 12 KIDS COLOUR  CHALK STICKS,Uncategorized
22080,RIBBON REEL SPOTS DESIGN ,Stationery & Gift Wrap
22424,ENAMEL BREAD BIN CREAM,Uncategorized
22526,WHEELBARROW FOR CHILDREN ,Uncategorized
85014B,RED RETROSPOT UMBRELLA,Gift & Novelty
22738,RIBBON REEL SNOWY VILLAGE,Stationery & Gift Wrap
22540,MINI JIGSAW CIRCUS PARADE ,Gift & Novelty
21430,SET/3 RED GINGHAM ROSE STORAGE BOX,Home Decor & Lighting
84406B,CREAM CUPID HEARTS COAT HANGER,Home Decor & Lighting
21035,SET/2 RED RETROSPOT TEA TOWELS ,Kitchen & Dining
22271,FELTCRAFT DOLL ROSIE,Gift & Novelty
22100,SKULLS SQUARE TISSUE BOX,Bags & Storage
21620,SET OF 4 ROSE BOTANICAL CANDLES,Home Decor & Lighting
22272,FELTCRAFT DOLL MARIA,Gift & Novelty
22458,CAST IRON HOOK GARDEN FORK,Home Decor & Lighting
22745,POPPY'S PLAYHOUSE BEDROOM ,Uncategorized
22952,60 CAKE CASES VINTAGE CHRISTMAS,Kitchen & Dining
79321,CHILLI LIGHTS,Home Decor & Lighting
22444,GROW YOUR OWN PLANT IN A CAN ,Uncategorized
21715,GIRLS VINTAGE TIN SEASIDE BUCKET,Bags & Storage
22415,WHITE TISSUE REAM,Uncategorized
22379,RECYCLING BAG RETROSPOT ,Bags & Storage
22163,HEART STRING MEMO HOLDER HANGING,Home Decor & Lighting
22846,BREAD BIN DINER STYLE RED ,Uncategorized
48188,DOORMAT WELCOME PUPPIES,Home Decor & Lighting
22708,WRAP DOLLY GIRL,Stationery & Gift Wrap
22383,LUNCH BAG SUKI  DESIGN ,Kitchen & Dining
22411,JUMBO SHOPPER VINTAGE RED PAISLEY,Bags & Storage
22055,MINI CAKE STAND  HANGING STRAWBERY,Kitchen & Dining
85049A,TRADITIONAL CHRISTMAS RIBBONS,Stationery & Gift Wrap
22111,SCOTTIE DOG HOT WATER BOTTLE,Kitchen & Dining
21527,RED RETROSPOT TRADITIONAL TEAPOT ,Uncategorized
20878,SET/9 CHRISTMAS T-LIGHTS SCENTED ,Home Decor & Lighting
22813,PACK 3 BOXES BIRD PANNETONE ,Bags & Storage
22737,RIBBON REEL CHRISTMAS PRESENT ,Stationery & Gift Wrap
22273,FELTCRAFT DOLL MOLLY,Gift & Novelty
22817,CARD SUKI BIRTHDAY,Stationery & Gift Wrap
21892,TRADITIONAL WOODEN CATCH CUP GAME ,Kitchen & Dining
21991,BOHEMIAN COLLAGE STATIONERY SET,Uncategorized
22851,SET 20 NAPKINS FAIRY CAKES DESIGN ,Kitchen & Dining
35598D,PINK/WHITE CHRISTMAS TREE 60CM,Seasonal & Occasion
22653,BUTTON BOX ,Bags & Storage
22910,PAPER CHAIN KIT VINTAGE CHRISTMAS,Stationery & Gift Wrap
22601,CHRISTMAS RETROSPOT ANGEL WOOD,Seasonal & Occasion
22614,PACK OF 12 SPACEBOY TISSUES,Kitchen & Dining
85118,HEART T-LIGHT HOLDER,Home Decor & Lighting
20973,12 PENCIL SMALL TUBE WOODLAND,Gift & Novelty
21479,WHITE SKULL HOT WATER BOTTLE ,Kitchen & Dining
84836,ZINC METAL HEART DECORATION,Home Decor & Lighting
21836,GINGHAM OVEN GLOVE RED HEART ,Kitchen & Dining
22513,DOORSTOP FOOTBALL DESIGN,Home Decor & Lighting
22865,HAND WARMER OWL DESIGN,Kitchen & Dining
21498,RED RETROSPOT WRAP ,Stationery & Gift Wrap
20977,36 PENCILS TUBE WOODLAND,Stationery & Gift Wrap
20902,VINTAGE KEEPSAKE BOX PARIS DAYS,Bags & Storage
85066,CREAM SWEETHEART MINI CHEST,Gift & Novelty
22838,"CAKE TIN, 3 TIER RED/IVORY",Kitchen & Dining
85177,BASKET OF FLOWERS SEWING KIT,Bags & Storage
21754,HOME BUILDING BLOCK WORD,Gift & Novelty
22581,WOOD STOCKING CHRISTMAS SCANDISPOT,Seasonal & Occasion
21314,SMALL GLASS HEART TRINKET POT,Bags & Storage
22469,HEART OF WICKER SMALL,Bags & Storage
20975,12 PENCILS SMALL TUBE RED RETROSPOT,Stationery & Gift Wrap
22690,DOORMAT HOME SWEET HOME BLUE ,Home Decor & Lighting
22120,WELCOME  WOODEN BLOCK LETTERS,Gift & Novelty
21257,VICTORIAN SEWING BOX MEDIUM,Bags & Storage
20972,PINK CREAM FELT CRAFT TRINKET BOX ,Bags & Storage
84870B,BLUE GEISHA GIRL ,Kids
22069,BROWN  PIRATE TREASURE CHEST ,Uncategorized
22294,HEART FILIGREE DOVE  SMALL,Gift & Novelty
21907,I'M ON HOLIDAY METAL SIGN,Home Decor & Lighting
22071,SMALL WHITE RETROSPOT MUG IN BOX ,Kitchen & Dining
22453,MEASURING TAPE BABUSHKA BLUE,Uncategorized
84670,JAPANESE CROCHETED ANIMAL,Uncategorized
22124,SET OF 2 TEA TOWELS PING MICROWAVE,Kitchen & Dining
21871,SAVE THE PLANET MUG,Kitchen & Dining
21114,LAVENDER SCENTED FABRIC HEART,Gift & Novelty
84029E,RED WOOLLY HOTTIE WHITE HEART.,Gift & Novelty
21378,SMALL TALL CAMPHOR WOOD TOADSTOOL,Uncategorized
21481,FAWN BLUE HOT WATER BOTTLE,Kitchen & Dining
22518,CHILDS GARDEN BRUSH BLUE,Garden & Nature
22637,PIGGY BANK RETROSPOT ,Uncategorized
21716,BOYS VINTAGE TIN SEASIDE BUCKET,Bags & Storage
22727,ALARM CLOCK BAKELIKE RED ,Home Decor & Lighting
20685,DOORMAT RED RETROSPOT,Home Decor & Lighting
22752,SET 7 BABUSHKA NESTING BOXES,Bags & Storage
20725,LUNCH BAG RED RETROSPOT,Kitchen & Dining
82583,HOT BATHS METAL SIGN,Home Decor & Lighting
22942,CHRISTMAS LIGHTS 10 SANTAS ,Home Decor & Lighting
22371,AIRLINE BAG VINTAGE TOKYO 78,Bags & Storage
22750,FELTCRAFT PRINCESS LOLA DOLL,Gift & Novelty
85015,SET OF 12  VINTAGE POSTCARD SET,Uncategorized
22686,FRENCH BLUE METAL DOOR SIGN No,Home Decor & Lighting
20727,LUNCH BAG  BLACK SKULL.,Kitchen & Dining
21098,CHRISTMAS TOILET ROLL,Seasonal & Occasion
21232,STRAWBERRY CERAMIC TRINKET BOX,Bags & Storage
85039B,S/4 IVORY MINI ROSE CANDLE IN BOWL,Kitchen & Dining
22355,CHARLOTTE BAG SUKI DESIGN,Bags & Storage
22595,CHRISTMAS GINGHAM HEART,Seasonal & Occasion
22169,FAMILY ALBUM WHITE PICTURE FRAME,Home Decor & Lighting
22456,NATURAL SLATE CHALKBOARD LARGE ,Uncategorized
84946,ANTIQUE SILVER TEA GLASS ETCHED,Kitchen & Dining
22867,HAND WARMER BIRD DESIGN,Kitchen & Dining
22112,CHOCOLATE HOT WATER BOTTLE,Kitchen & Dining
22798,ANTIQUE GLASS DRESSING TABLE POT,Uncategorized
21361,LOVE LARGE WOOD LETTERS ,Gift & Novelty
90118,PINK DAISY BAG CHARM,Bags & Storage
84625A,PINK NEW BAROQUECANDLESTICK CANDLE,Home Decor & Lighting
22766,PHOTO FRAME CORNICE,Home Decor & Lighting
35095B,RED VICTORIAN FABRIC OVAL BOX,Bags & Storage
84969,BOX OF 6 ASSORTED COLOUR TEASPOONS,Bags & Storage
21360,JOY LARGE WOOD LETTERS,Gift & Novelty
21390,FILIGRIS HEART WITH BUTTERFLY,Garden & Nature
22113,GREY HEART HOT WATER BOTTLE,Kitchen & Dining
79192A,RETRO PLASTIC 70'S TRAY,Uncategorized
21086,SET/6 RED SPOTTY PAPER CUPS,Stationery & Gift Wrap
21213,PACK OF 72 SKULL CAKE CASES,Kitchen & Dining
84029G,KNITTED UNION FLAG HOT WATER BOTTLE,Kitchen & Dining
22561,WOODEN SCHOOL COLOURING SET,Uncategorized
21158,MOODY GIRL DOOR HANGER ,Home Decor & Lighting
22633,HAND WARMER UNION JACK,Kitchen & Dining
22314,OFFICE MUG WARMER CHOC+BLUE,Kitchen & Dining
35961,FOLKART ZINC HEART CHRISTMAS DEC,Seasonal & Occasion
22563,HAPPY STENCIL CRAFT,Craft & Hobby
10133,COLOURING PENCILS BROWN TUBE,Stationery & Gift Wrap
22165,"DIAMANTE HEART SHAPED WALL MIRROR, ",Home Decor & Lighting
22728,ALARM CLOCK BAKELIKE PINK,Home Decor & Lighting
22794,SWEETHEART WIRE MAGAZINE RACK,Gift & Novelty
84985A,SET OF 72 GREEN PAPER DOILIES,Kitchen & Dining
22733,3D TRADITIONAL CHRISTMAS STICKERS,Seasonal & Occasion
21210,SET OF 72 RETROSPOT PAPER  DOILIES,Kitchen & Dining
22796,PHOTO FRAME 3 CLASSIC HANGING,Home Decor & Lighting
47591D,PINK FAIRY CAKE CHILDRENS APRON,Kitchen & Dining
84375,SET OF 20 KIDS COOKIE CUTTERS,Kitchen & Dining
22730,ALARM CLOCK BAKELIKE IVORY,Home Decor & Lighting
22753,SMALL YELLOW BABUSHKA NOTEBOOK ,Stationery & Gift Wrap
17164B,ASS COL SMALL SAND GECKO P'WEIGHT,Uncategorized
21348,PINK SPOTS CHOCOLATE NESTING BOXES ,Bags & Storage
22679,"FRENCH BLUE METAL DOOR SIGN, 4",Home Decor & Lighting
51014C,"FEATHER PEN,COAL BLACK",Stationery & Gift Wrap
21115,ROSE CARAVAN DOORSTOP,Home Decor & Lighting
84832,ZINC WILLIE WINKIE  CANDLE STICK,Home Decor & Lighting
21977,PACK OF 60 PINK PAISLEY CAKE CASES,Kitchen & Dining
22912,YELLOW COAT RACK PARIS FASHION,Uncategorized
16236,KITTY PENCIL ERASERS,Uncategorized
85150,LADIES & GENTLEMEN METAL SIGN,Home Decor & Lighting
22554,PLASTERS IN TIN WOODLAND ANIMALS,Bags & Storage
21523,DOORMAT FANCY FONT HOME SWEET HOME,Home Decor & Lighting
22157,ANGEL DECORATION WITH LACE PADDED,Home Decor & Lighting
22972,CHILDREN'S SPACEBOY MUG,Kitchen & Dining
22114,HOT WATER BOTTLE TEA AND SYMPATHY,Kitchen & Dining
47570B,TEA TIME TABLE CLOTH,Kitchen & Dining
21326,AGED GLASS SILVER T-LIGHT HOLDER,Home Decor & Lighting
22306,SILVER MUG BONE CHINA TREE OF LIFE,Kitchen & Dining
84987,SET OF 36 TEATIME PAPER DOILIES,Kitchen & Dining
22309,TEA COSY RED  STRIPE,Kitchen & Dining
21121,SET/10 RED POLKADOT PARTY CANDLES,Home Decor & Lighting
22651,GENTLEMAN SHIRT REPAIR KIT ,Craft & Hobby
90018C,SILVER BLACK ORBIT DROP EARRINGS,Uncategorized
22375,AIRLINE BAG VINTAGE JET SET BROWN,Bags & Storage
37370,RETRO COFFEE MUGS ASSORTED,Kitchen & Dining
22166,"WALL MIRROR , RECT DIAMANTE, PINK/",Home Decor & Lighting
21904,HOUSE WRECKING METAL SIGN ,Home Decor & Lighting
72807A,SET/3 ROSE CANDLE IN JEWELLED BOX,Home Decor & Lighting
84279P,CHERRY BLOSSOM  DECORATIVE FLASK,Uncategorized
21245,GREEN POLKADOT PLATE ,Kitchen & Dining
22812,PACK 3 BOXES CHRISTMAS PANNETONE,Bags & Storage
71477,COLOUR GLASS. STAR T-LIGHT HOLDER,Home Decor & Lighting
22524,CHILDRENS GARDEN GLOVES BLUE,Kitchen & Dining
21135,VICTORIAN  METAL POSTCARD SPRING,Uncategorized
22186,RED STAR CARD HOLDER,Home Decor & Lighting
20963,APPLE BATH SPONGE,Uncategorized
22625,RED KITCHEN SCALES,Kitchen & Dining
84992,72 SWEETHEART FAIRY CAKE CASES,Kitchen & Dining
85132A,CHARLIE + LOLA BISCUITS TINS,Bags & Storage
22377,BOTTLE BAG RETROSPOT ,Kitchen & Dining
22491,PACK OF 12 COLOURED PENCILS,Stationery & Gift Wrap
22920,HERB MARKER BASIL,Uncategorized
84536B,FAIRY CAKES NOTEBOOK A7 SIZE,Stationery & Gift Wrap
21976,PACK OF 60 MUSHROOM CAKE CASES,Kitchen & Dining
22386,JUMBO BAG PINK POLKADOT,Bags & Storage
21032,SPACE CADET WHITE,Uncategorized
35970,ZINC FOLKART SLEIGH BELLS,Uncategorized
21901,"KEY FOB , BACK DOOR ",Home Decor & Lighting
72815,3 WICK CHRISTMAS BRIAR CANDLE ,Home Decor & Lighting
21668,RED STRIPE CERAMIC DRAWER KNOB,Home Decor & Lighting
22816,CARD MOTORBIKE SANTA,Stationery & Gift Wrap
22091,EMPIRE TISSUE BOX,Bags & Storage
20974,12 PENCILS SMALL TUBE SKULL,Stationery & Gift Wrap
22133,PINK LOVE HEART SHAPE CUP,Kitchen & Dining
21231,SWEETHEART CERAMIC TRINKET BOX,Bags & Storage
22296,HEART IVORY TRELLIS LARGE,Gift & Novelty
22804,CANDLEHOLDER PINK HANGING HEART,Home Decor & Lighting
21054,NURSE'S BAG SOFT TOY,Bags & Storage
22694,WICKER STAR ,Home Decor & Lighting
35004c,SET OF 3 COLOURED  FLYING DUCKS,Garden & Nature
22335,HEART DECORATION PAINTED ZINC ,Home Decor & Lighting
82616C,MIDNIGHT GLAMOUR SCARF KNITTING KIT,Craft & Hobby
22636,CHILDS BREAKFAST SET CIRCUS PARADE,Gift & Novelty
84991,60 TEATIME FAIRY CAKE CASES,Kitchen & Dining
85131D,BEADED CRYSTAL HEART PINK ON STICK,Gift & Novelty
84884a,ANT WHITE WIRE HEART SPIRAL,Gift & Novelty
22193,RED DINER WALL CLOCK,Home Decor & Lighting
90042C,FRESHWATER PEARL BRACELET IVORY,Uncategorized
21259,VICTORIAN SEWING BOX SMALL ,Bags & Storage
21174,POTTERING IN THE SHED METAL SIGN,Home Decor & Lighting
22202,MILK PAN PINK POLKADOT,Kitchen & Dining
62094B,TURQ ICE CREAM BUM BAG ,Bags & Storage
21932,SCANDINAVIAN PAISLEY PICNIC BAG,Kitchen & Dining
22699,ROSES REGENCY TEACUP AND SAUCER ,Kitchen & Dining
22659,LUNCH BOX I LOVE LONDON,Kitchen & Dining
22149,FELTCRAFT 6 FLOWER FRIENDS,Garden & Nature
22572,ROCKING HORSE GREEN CHRISTMAS ,Seasonal & Occasion
22621,TRADITIONAL KNITTING NANCY,Uncategorized
22495,SET OF 2 ROUND TINS CAMEMBERT ,Bags & Storage
21328,BALLOONS  WRITING SET ,Uncategorized
82605,OLD DOC RUSSEL METAL SIGN,Home Decor & Lighting
22457,NATURAL SLATE HEART CHALKBOARD ,Gift & Novelty
22466,FAIRY TALE COTTAGE NIGHTLIGHT,Gift & Novelty
22662,LUNCH BAG DOLLY GIRL DESIGN,Kitchen & Dining
85039A,SET/4 RED MINI ROSE CANDLE IN BOWL,Kitchen & Dining
22382,LUNCH BAG SPACEBOY DESIGN ,Kitchen & Dining
22082,RIBBON REEL STRIPES DESIGN ,Stationery & Gift Wrap
21755,LOVE BUILDING BLOCK WORD,Gift & Novelty
82482,WOODEN PICTURE FRAME WHITE FINISH,Home Decor & Lighting
85152,HAND OVER THE CHOCOLATE   SIGN ,Home Decor & Lighting
85049E,SCANDINAVIAN REDS RIBBONS,Stationery & Gift Wrap
21934,SKULL SHOULDER BAG,Bags & Storage
10120,DOGGY RUBBER,Uncategorized
20828,GLITTER BUTTERFLY CLIPS,Garden & Nature
22681,FRENCH BLUE METAL DOOR SIGN 6,Home Decor & Lighting
22866,HAND WARMER SCOTTY DOG DESIGN,Kitchen & Dining
21822,GLITTER CHRISTMAS TREE WITH BELLS,Seasonal & Occasion
22178,VICTORIAN GLASS HANGING T-LIGHT,Home Decor & Lighting
35957,SMALLFOLKART BAUBLE CHRISTMAS DEC,Seasonal & Occasion
22195,LARGE HEART MEASURING SPOONS,Gift & Novelty
21488,RED WHITE SCARF  HOT WATER BOTTLE,Kitchen & Dining
22840,ROUND CAKE TIN VINTAGE RED,Kitchen & Dining
22244,"HOOK, 3 HANGER ,MAGIC GARDEN",Home Decor & Lighting
22835,HOT WATER BOTTLE I AM SO POORLY,Kitchen & Dining
22573,STAR WOODEN CHRISTMAS DECORATION,Home Decor & Lighting
22161,HEART DECORATION RUSTIC HANGING ,Home Decor & Lighting
22063,CERAMIC BOWL WITH STRAWBERRY DESIGN,Kitchen & Dining
21243,PINK  POLKADOT PLATE ,Kitchen & Dining
22158,3 HEARTS HANGING DECORATION RUSTIC,Home Decor & Lighting
22712,CARD DOLLY GIRL ,Stationery & Gift Wrap
22736,RIBBON REEL MAKING SNOWMEN ,Stationery & Gift Wrap
20983,12 PENCILS TALL TUBE RED RETROSPOT,Stationery & Gift Wrap
21262,WHITE GOOSE FEATHER CHRISTMAS TREE ,Seasonal & Occasion
22718,CARD CAT AND TREE ,Stationery & Gift Wrap
22535,MAGIC DRAWING SLATE BUNNIES ,Gift & Novelty
22488,NATURAL SLATE RECTANGLE CHALKBOARD,Uncategorized
84947,ANTIQUE SILVER TEA GLASS ENGRAVED,Kitchen & Dining
40016,CHINESE DRAGON PAPER LANTERNS,Stationery & Gift Wrap
22429,ENAMEL MEASURING JUG CREAM,Kitchen & Dining
85040A,S/4 PINK FLOWER CANDLES IN BOWL,Kitchen & Dining
22568,FELTCRAFT CUSHION OWL,Home Decor & Lighting
21211,SET OF 72 SKULL PAPER  DOILIES,Kitchen & Dining
22583,PACK OF 6 HANDBAG GIFT BOXES,Bags & Storage
22732,3D VINTAGE CHRISTMAS STICKERS ,Seasonal & Occasion
22452,MEASURING TAPE BABUSHKA PINK,Uncategorized
22150,3 STRIPEY MICE FELTCRAFT,Uncategorized
22908,PACK OF 20 NAPKINS RED APPLES,Kitchen & Dining
21484,CHICK GREY HOT WATER BOTTLE,Kitchen & Dining
22692,DOORMAT WELCOME TO OUR HOME,Home Decor & Lighting
84031B,CHARLIE LOLA BLUE HOT WATER BOTTLE ,Kitchen & Dining
71053,WHITE METAL LANTERN,Uncategorized
22075,6 RIBBONS ELEGANT CHRISTMAS ,Stationery & Gift Wrap
84032B,CHARLIE + LOLA RED HOT WATER BOTTLE,Kitchen & Dining
22278,OVERNIGHT BAG VINTAGE ROSE PAISLEY,Bags & Storage
22620,4 TRADITIONAL SPINNING TOPS,Uncategorized
20754,RETROSPOT RED WASHING UP GLOVES,Kitchen & Dining
22374,AIRLINE BAG VINTAGE JET SET RED,Bags & Storage
21813,GARLAND WITH STARS AND BELLS,Home Decor & Lighting
22312,OFFICE MUG WARMER POLKADOT,Kitchen & Dining
22198,LARGE POPCORN HOLDER ,Home Decor & Lighting
84692,BOX OF 24 COCKTAIL PARASOLS,Bags & Storage
22632,HAND WARMER RED RETROSPOT,Kitchen & Dining
22947,WOODEN ADVENT CALENDAR RED,Uncategorized
21063,PARTY INVITES JAZZ HEARTS,Seasonal & Occasion
22788,BROCANTE COAT RACK,Uncategorized
72802B,OCEAN SCENT CANDLE IN JEWELLED BOX,Home Decor & Lighting
22141,CHRISTMAS CRAFT TREE TOP ANGEL,Seasonal & Occasion
22118,JOY WOODEN BLOCK LETTERS,Gift & Novelty
22029,SPACEBOY BIRTHDAY CARD,Stationery & Gift Wrap
85034A,3 GARDENIA MORRIS BOXED CANDLES,Home Decor & Lighting
22434,BALLOON PUMP WITH 10 BALLOONS,Uncategorized
84030E,ENGLISH ROSE HOT WATER BOTTLE,Kitchen & Dining
85123A,WHITE HANGING HEART T-LIGHT HOLDER,Home Decor & Lighting
21530,DAIRY MAID TOASTRACK,Uncategorized
10123C,HEARTS WRAPPING TAPE ,Gift & Novelty
21218,RED SPOTTY BISCUIT TIN,Bags & Storage
22428,ENAMEL FIRE BUCKET CREAM,Uncategorized
21680,WOODLAND  STICKERS,Gift & Novelty
22192,BLUE DINER WALL CLOCK,Home Decor & Lighting
22065,CHRISTMAS PUDDING TRINKET POT ,Bags & Storage
79066K,RETRO MOD TRAY,Uncategorized
20780,BLACK EAR MUFF HEADPHONES,Uncategorized
47594B,SCOTTIES DESIGN WASHBAG,Uncategorized
37423,WHITE WITH BLACK CATS PLATE,Kitchen & Dining
22594,CHRISTMAS GINGHAM TREE,Seasonal & Occasion
21651,HANGING GLASS ETCHED TEALIGHT,Home Decor & Lighting
21164,HOME SWEET HOME METAL SIGN ,Home Decor & Lighting
20760,GARDEN PATH POCKET BOOK,Garden & Nature
22478,BIRDHOUSE GARDEN MARKER ,Garden & Nature
22423,REGENCY CAKESTAND 3 TIER,Uncategorized
22523,CHILDS GARDEN FORK PINK,Garden & Nature
22780,LIGHT GARLAND BUTTERFILES PINK,Home Decor & Lighting
72807B,SET/3 OCEAN SCENT CANDLE JEWEL BOX,Home Decor & Lighting
22555,PLASTERS IN TIN STRONGMAN,Bags & Storage
85135C,RED DRAGONFLY HELICOPTER,Uncategorized
84997D,PINK 3 PIECE POLKADOT CUTLERY SET,Kitchen & Dining
22604,SET OF 4 NAPKIN CHARMS CUTLERY,Kitchen & Dining
85034B,3 WHITE CHOC MORRIS BOXED CANDLES,Home Decor & Lighting
82483,WOOD 2 DRAWER CABINET WHITE FINISH,Home Decor & Lighting
22028,PENNY FARTHING BIRTHDAY CARD,Stationery & Gift Wrap
21967,PACK OF 12 SKULL TISSUES,Kitchen & Dining
22669,RED BABY BUNTING ,Home Decor & Lighting
21704,BAG 250g SWIRLY MARBLES,Bags & Storage
21986,PACK OF 12 PINK POLKADOT TISSUES,Kitchen & Dining
21561,DINOSAUR LUNCH BOX WITH CUTLERY,Kitchen & Dining
21014,SWISS CHALET TREE DECORATION ,Home Decor & Lighting
22367,CHILDRENS APRON SPACEBOY DESIGN,Kitchen & Dining
21411,GINGHAM HEART  DOORSTOP RED,Home Decor & Lighting
79000,MOROCCAN TEA GLASS,Kitchen & Dining
84596F,SMALL MARSHMALLOWS PINK BOWL,Kitchen & Dining
84247E,PACK/12 XMAS FUN CARD,Stationery & Gift Wrap
22212,FOUR HOOK  WHITE LOVEBIRDS,Home Decor & Lighting
21868,POTTING SHED TEA MUG,Kitchen & Dining
22464,HANGING METAL HEART LANTERN,Home Decor & Lighting
20719,WOODLAND CHARLOTTE BAG,Bags & Storage
22607,WOODEN ROUNDERS GARDEN SET ,Garden & Nature
21017,RED BIRD HOUSE TREE DECORATION,Home Decor & Lighting
22909,SET OF 20 VINTAGE CHRISTMAS NAPKINS,Kitchen & Dining
22297,HEART IVORY TRELLIS SMALL,Gift & Novelty
84347,ROTATING SILVER ANGELS T-LIGHT HLDR,Home Decor & Lighting
15056N,EDWARDIAN PARASOL NATURAL,Gift & Novelty
22511,RETROSPOT BABUSHKA DOORSTOP,Home Decor & Lighting
22600,CHRISTMAS RETROSPOT STAR WOOD,Home Decor & Lighting
84997A,GREEN 3 PIECE POLKADOT CUTLERY SET,Kitchen & Dining
21136,PAINTED METAL PEARS ASSORTED,Uncategorized
22121,NOEL WOODEN BLOCK LETTERS ,Gift & Novelty
21873,IF YOU CAN'T STAND THE HEAT MUG,Kitchen & Dining
21509,COWBOYS AND INDIANS BIRTHDAY CARD ,Stationery & Gift Wrap
21495,SKULLS AND CROSSBONES WRAP,Stationery & Gift Wrap
22301,COFFEE MUG CAT + BIRD DESIGN,Kitchen & Dining
22781,GUMBALL MAGAZINE RACK,Uncategorized
84535B,FAIRY CAKES NOTEBOOK A6 SIZE,Stationery & Gift Wrap
22810,SET OF 6 T-LIGHTS SNOWMEN,Home Decor & Lighting
22468,BABUSHKA LIGHTS STRING OF 10,Home Decor & Lighting
22818,CARD CHRISTMAS VILLAGE,Stationery & Gift Wrap
90201B,BLACK ENAMEL FLOWER RING,Garden & Nature
90129A,PINK GLASS TASSLE BAG CHARM ,Bags & Storage
22261,FELT EGG COSY WHITE RABBIT ,Gift & Novelty
22300,COFFEE MUG DOG + BALL DESIGN,Kitchen & Dining
22903,CALENDAR FAMILY FAVOURITES,Uncategorized
48185,DOORMAT FAIRY CAKE,Kitchen & Dining
85106,CUT GLASS HEXAGON T-LIGHT HOLDER,Home Decor & Lighting
20867,PINK ROSE FABRIC MIRROR,Home Decor & Lighting
21244,BLUE POLKADOT PLATE ,Kitchen & Dining
22441,GROW YOUR OWN BASIL IN ENAMEL MUG,Kitchen & Dining
22917,HERB MARKER ROSEMARY,Uncategorized
22505,MEMO BOARD COTTAGE DESIGN,Uncategorized
90063B,BLACK VINT ART DEC CRYSTAL NECKLACE,Uncategorized
22735,RIBBON REEL SOCKS AND MITTENS,Stationery & Gift Wrap
21191,LARGE WHITE HONEYCOMB PAPER BELL  ,Stationery & Gift Wrap
22577,WOODEN HEART CHRISTMAS SCANDINAVIAN,Seasonal & Occasion
22646,CERAMIC STRAWBERRY CAKE MONEY BANK,Kitchen & Dining
22539,MINI JIGSAW DOLLY GIRL,Gift & Novelty
20718,RED RETROSPOT SHOPPER BAG,Bags & Storage
21524,DOORMAT SPOTTY HOME SWEET HOME,Home Decor & Lighting
22086,PAPER CHAIN KIT 50'S CHRISTMAS ,Stationery & Gift Wrap
22123,PING MICROWAVE APRON,Kitchen & Dining
22696,WICKER WREATH LARGE,Bags & Storage
72351B,SET/6 PINK  BUTTERFLY T-LIGHTS,Home Decor & Lighting
22801,ANTIQUE GLASS PEDESTAL BOWL,Kitchen & Dining
22046,TEA PARTY  WRAPPING PAPER ,Kitchen & Dining
22560,TRADITIONAL MODELLING CLAY,Uncategorized
22024,RAINY LADIES BIRTHDAY CARD,Stationery & Gift Wrap
21843,RED RETROSPOT CAKE STAND,Kitchen & Dining
47563A,RETRO LONGBOARD IRONING BOARD COVER,Uncategorized
22890,NOVELTY BISCUITS CAKE STAND 3 TIER,Kitchen & Dining
21175,GIN + TONIC DIET METAL SIGN,Home Decor & Lighting
22983,CARD BILLBOARD FONT,Stationery & Gift Wrap
22663,JUMBO BAG DOLLY GIRL DESIGN,Bags & Storage
22508,DOORSTOP RETROSPOT HEART,Home Decor & Lighting
17091J,VANILLA INCENSE IN TIN,Bags & Storage
22946,WOODEN ADVENT CALENDAR CREAM,Uncategorized
21169,YOU'RE CONFUSING ME METAL SIGN ,Home Decor & Lighting
21187,WHITE BELL HONEYCOMB PAPER GARLAND ,Home Decor & Lighting
20759,CHRYSANTHEMUM POCKET BOOK ,Uncategorized
22635,CHILDS BREAKFAST SET DOLLY GIRL ,Gift & Novelty
84598,BOYS ALPHABET IRON ON PATCHES,Stationery & Gift Wrap
20675,BLUE POLKADOT BOWL,Kitchen & Dining
22951,60 CAKE CASES DOLLY GIRL DESIGN,Kitchen & Dining
84509G,SET OF 4 FAIRY CAKE PLACEMATS ,Kitchen & Dining
20679,EDWARDIAN PARASOL RED,Gift & Novelty
22413,METAL SIGN TAKE IT OR LEAVE IT ,Home Decor & Lighting
22467,GUMBALL COAT RACK,Uncategorized
22580,ADVENT CALENDAR GINGHAM SACK,Uncategorized
47566,PARTY BUNTING,Home Decor & Lighting
20996,JAZZ HEARTS ADDRESS BOOK,Gift & Novelty
85059,FRENCH ENAMEL WATER BASIN,Kitchen & Dining
20713,JUMBO BAG OWLS,Bags & Storage
22153,ANGEL DECORATION STARS ON DRESS,Home Decor & Lighting
22634,CHILDS BREAKFAST SET SPACEBOY ,Kids
22837,HOT WATER BOTTLE BABUSHKA ,Kitchen & Dining
48116,DOORMAT MULTICOLOUR STRIPE,Home Decor & Lighting
84050,PINK HEART SHAPE EGG FRYING PAN,Gift & Novelty
85099F,JUMBO BAG STRAWBERRY,Bags & Storage
82580,BATHROOM METAL SIGN,Home Decor & Lighting
22358,KINGS CHOICE TEA CADDY ,Kitchen & Dining
22698,PINK REGENCY TEACUP AND SAUCER,Kitchen & Dining
22944,CHRISTMAS METAL POSTCARD WITH BELLS,Seasonal & Occasion
40001,WHITE BAMBOO RIBS LAMPSHADE,Uncategorized
22616,PACK OF 12 LONDON TISSUES ,Kitchen & Dining
85230E,STRAWBRY SCENTED VOTIVE CANDLE,Home Decor & Lighting
21676,FLOWERS  STICKERS,Uncategorized
22777,GLASS CLOCHE LARGE,Uncategorized
22784,LANTERN CREAM GAZEBO ,Uncategorized
21340,CLASSIC METAL BIRDCAGE PLANT HOLDER,Home Decor & Lighting
82582,AREA PATROLLED METAL SIGN,Home Decor & Lighting
22200,FRYING PAN PINK POLKADOT,Uncategorized
22666,RECIPE BOX PANTRY YELLOW DESIGN,Kitchen & Dining
84659A,WHITE TRAVEL ALARM CLOCK,Home Decor & Lighting
21906,PHARMACIE FIRST AID TIN,Bags & Storage
21832,CHOCOLATE CALCULATOR,Uncategorized
22631,CIRCUS PARADE LUNCH BOX ,Kitchen & Dining
22095,LADS ONLY TISSUE BOX,Bags & Storage
22501,PICNIC BASKET WICKER LARGE,Kitchen & Dining
22575,METAL MERRY CHRISTMAS WREATH,Seasonal & Occasion
22545,MINI JIGSAW BUNNIES,Uncategorized
84997B,RED 3 PIECE RETROSPOT CUTLERY SET,Kitchen & Dining
22419,LIPSTICK PEN RED,Stationery & Gift Wrap
20978,36 PENCILS TUBE SKULLS,Stationery & Gift Wrap
22746,POPPY'S PLAYHOUSE LIVINGROOM ,Uncategorized
35400,WOODEN BOX ADVENT CALENDAR ,Bags & Storage
85049B,LUSH GREENS RIBBONS,Stationery & Gift Wrap
82494L,WOODEN FRAME ANTIQUE WHITE ,Home Decor & Lighting
21383,PACK OF 12 STICKY BUNNIES,Uncategorized
21621,VINTAGE UNION JACK BUNTING,Home Decor & Lighting
22774,RED DRAWER KNOB ACRYLIC EDWARDIAN,Home Decor & Lighting
22845,VINTAGE CREAM CAT FOOD CONTAINER,Gift & Novelty
85169A,IVORY LOVE BIRD CANDLE,Home Decor & Lighting
21494,ROTATING LEAVES T-LIGHT HOLDER,Home Decor & Lighting
22726,ALARM CLOCK BAKELIKE GREEN,Home Decor & Lighting
22906,12 MESSAGE CARDS WITH ENVELOPES,Stationery & Gift Wrap
20752,BLUE POLKADOT WASHING UP GLOVES,Kitchen & Dining
22460,EMBOSSED GLASS TEALIGHT HOLDER,Home Decor & Lighting
85107,CUT GLASS T-LIGHT HOLDER OCTAGON,Home Decor & Lighting
22380,TOY TIDY SPACEBOY  ,Gift & Novelty
21556,CERAMIC STRAWBERRY MONEY BOX,Bags & Storage
47559B,TEA TIME OVEN GLOVE,Kitchen & Dining
72807C,SET/3 VANILLA SCENTED CANDLE IN BOX,Home Decor & Lighting
22544,MINI JIGSAW SPACEBOY,Uncategorized
22984,CARD GINGHAM ROSE ,Stationery & Gift Wrap
22755,SMALL PURPLE BABUSHKA NOTEBOOK ,Stationery & Gift Wrap
85055,FRENCH ENAMEL UTENSIL HOLDER,Home Decor & Lighting
22185,SLATE TILE NATURAL HANGING,Home Decor & Lighting
21928,JUMBO BAG SCANDINAVIAN PAISLEY,Bags & Storage
20864,DENIM PATCH PENCIL CASE BUTTERFLY,Garden & Nature
21846,PINK DIAMANTE PEN IN GIFT BOX,Bags & Storage
22384,LUNCH BAG PINK POLKADOT,Kitchen & Dining
22644,CERAMIC CHERRY CAKE MONEY BANK,Kitchen & Dining
22893,MINI CAKE STAND T-LIGHT HOLDER,Kitchen & Dining
22027,TEA PARTY BIRTHDAY CARD,Kitchen & Dining
20914,SET/5 RED RETROSPOT LID GLASS BOWLS,Uncategorized
21485,RETROSPOT HEART HOT WATER BOTTLE,Kitchen & Dining
22303,COFFEE MUG APPLES DESIGN,Kitchen & Dining
22713,CARD I LOVE LONDON ,Stationery & Gift Wrap
22743,MAKE YOUR OWN FLOWERPOWER CARD KIT,Stationery & Gift Wrap
20684,STRAWBERRY DREAM CHILDS UMBRELLA,Gift & Novelty
22558,CLOTHES PEGS RETROSPOT PACK 24 ,Uncategorized
21833,CAMOUFLAGE LED TORCH,Uncategorized
20723,STRAWBERRY CHARLOTTE BAG,Bags & Storage
21899,"KEY FOB , GARAGE DESIGN",Gift & Novelty
22327,ROUND SNACK BOXES SET OF 4 SKULLS,Bags & Storage
22530,MAGIC DRAWING SLATE DOLLY GIRL ,Gift & Novelty
22222,CAKE PLATE LOVEBIRD WHITE,Kitchen & Dining
22834,HAND WARMER BABUSHKA DESIGN,Kitchen & Dining
21207,SKULL AND CROSSBONES  GARLAND ,Home Decor & Lighting
21905,MORE BUTTER METAL SIGN ,Home Decor & Lighting
22196,SMALL HEART MEASURING SPOONS,Gift & Novelty
21781,MA CAMPAGNE CUTLERY BOX,Kitchen & Dining
21794,CLASSIC FRENCH STYLE BASKET NATURAL,Bags & Storage
22320,BIRDS MOBILE VINTAGE DESIGN,Kids
84032A,CHARLIE+LOLA PINK HOT WATER BOTTLE,Kitchen & Dining
22154,ANGEL DECORATION 3 BUTTONS ,Home Decor & Lighting
21989,PACK OF 20 SKULL PAPER NAPKINS,Kitchen & Dining
21033,JUMBO BAG CHARLIE AND LOLA TOYS,Bags & Storage
22767,TRIPLE PHOTO FRAME CORNICE ,Home Decor & Lighting
22507,MEMO BOARD RETROSPOT  DESIGN,Uncategorized
85014A,BLACK/BLUE POLKADOT UMBRELLA,Gift & Novelty
20724,RED RETROSPOT CHARLOTTE BAG,Bags & Storage
85114C,RED ENCHANTED FOREST PLACEMAT,Uncategorized
85049C,ROMANTIC PINKS RIBBONS ,Stationery & Gift Wrap
22536,MAGIC DRAWING SLATE PURDEY,Gift & Novelty
21804,WHITE CHRISTMAS GARLAND STARS TREES,Home Decor & Lighting
21630,FLOOR CUSHION ELEPHANT CARNIVAL,Home Decor & Lighting
22132,RED LOVE HEART SHAPE CUP,Kitchen & Dining
21623,VINTAGE UNION JACK MEMOBOARD,Uncategorized
22366,DOORMAT AIRMAIL ,Home Decor & Lighting
20956,PORCELAIN T-LIGHT HOLDERS ASSORTED,Home Decor & Lighting
22720,SET OF 3 CAKE TINS PANTRY DESIGN ,Kitchen & Dining
21212,PACK OF 72 RETROSPOT CAKE CASES,Kitchen & Dining
84559A,3D SHEET OF DOG STICKERS,Gift & Novelty
22907,PACK OF 20 NAPKINS PANTRY DESIGN,Kitchen & Dining
21034,REX CASH+CARRY JUMBO SHOPPER,Bags & Storage
22543,MINI JIGSAW BAKE A CAKE ,Kitchen & Dining
22911,PAPER CHAIN KIT LONDON,Stationery & Gift Wrap
21351,CINAMMON & ORANGE WREATH,Seasonal & Occasion
75178,ASSTD COL BUTTERFLY/CRYSTAL W/CHIME,Garden & Nature
90214V,"LETTER ""V"" BLING KEY RING",Gift & Novelty
21154,RED RETROSPOT OVEN GLOVE ,Kitchen & Dining
85067,CREAM SWEETHEART WALL CABINET,Home Decor & Lighting
22940,FELTCRAFT CHRISTMAS FAIRY,Seasonal & Occasion
79067,CORONA MEXICAN TRAY,Uncategorized
21744,SNOWFLAKE PORTABLE TABLE LIGHT ,Home Decor & Lighting
72741,GRAND CHOCOLATECANDLE,Uncategorized
21875,KINGS CHOICE MUG,Kitchen & Dining
22953,BIRTHDAY PARTY CORDON BARRIER TAPE,Seasonal & Occasion
22975,SPACEBOY CHILDRENS EGG CUP,Kitchen & Dining
37447,CERAMIC CAKE DESIGN SPOTTED PLATE,Kitchen & Dining
21559,STRAWBERRY LUNCH BOX WITH CUTLERY,Kitchen & Dining
22090,PAPER BUNTING RETROSPOT,Home Decor & Lighting
22417,PACK OF 60 SPACEBOY CAKE CASES,Kitchen & Dining
85048,15CM CHRISTMAS GLASS BALL 20 LIGHTS,Home Decor & Lighting
22308,TEA COSY BLUE STRIPE,Kitchen & Dining
22729,ALARM CLOCK BAKELIKE ORANGE,Home Decor & Lighting
22960,JAM MAKING SET WITH JARS,Uncategorized
20971,PINK BLUE FELT CRAFT TRINKET BOX,Bags & Storage
22695,WICKER WREATH SMALL,Bags & Storage
21080,SET/20 RED RETROSPOT PAPER NAPKINS ,Kitchen & Dining
22749,FELTCRAFT PRINCESS CHARLOTTE DOLL,Gift & Novelty
22652,TRAVEL SEWING KIT,Craft & Hobby
22352,LUNCH BOX WITH CUTLERY RETROSPOT ,Kitchen & Dining
22336,DOVE DECORATION PAINTED ZINC ,Home Decor & Lighting
22348,TEA BAG PLATE RED RETROSPOT,Kitchen & Dining
21889,WOODEN BOX OF DOMINOES,Bags & Storage
21806,WHITE CHRISTMAS HEART DECORATION,Home Decor & Lighting
21673,WHITE SPOT BLUE CERAMIC DRAWER KNOB,Home Decor & Lighting
22843,BISCUIT TIN VINTAGE GREEN,Bags & Storage
22061,LARGE CAKE STAND  HANGING STRAWBERY,Kitchen & Dining
70007,HI TEC ALPINE HAND WARMER,Kitchen & Dining
22108,PING! MICROWAVE PLATE,Kitchen & Dining
22693,GROW A FLYTRAP OR SUNFLOWER IN TIN,Bags & Storage
20733,GOLD MINI TAPE MEASURE ,Uncategorized
22131,FOOD CONTAINER SET 3 LOVE HEART ,Gift & Novelty
21735,TWO DOOR CURIO CABINET,Home Decor & Lighting
22073,RED RETROSPOT STORAGE JAR,Kitchen & Dining
22863,SOAP DISH BROCANTE,Uncategorized
22847,BREAD BIN DINER STYLE IVORY,Uncategorized
72598,SET/12 TAPER CANDLES,Home Decor & Lighting
22553,PLASTERS IN TIN SKULLS,Bags & Storage
85064,CREAM SWEETHEART LETTER RACK,Gift & Novelty
22751,FELTCRAFT PRINCESS OLIVIA DOLL,Gift & Novelty
21558,SKULL LUNCH BOX WITH CUTLERY ,Kitchen & Dining
22475,SKULL DESIGN TV DINNER TRAY,Gift & Novelty
22372,AIRLINE BAG VINTAGE WORLD CHAMPION ,Bags & Storage
22622,BOX OF VINTAGE ALPHABET BLOCKS,Bags & Storage
84968C,SET OF 16 VINTAGE PISTACHIO CUTLERY,Kitchen & Dining
21260,FIRST AID TIN,Bags & Storage
22156,HEART DECORATION WITH PEARLS ,Home Decor & Lighting
22551,PLASTERS IN TIN SPACEBOY,Bags & Storage
20726,LUNCH BAG WOODLAND,Kitchen & Dining
21876,POTTERING MUG,Kitchen & Dining
35958,FOLKART ZINC STAR CHRISTMAS DEC,Home Decor & Lighting
22739,RIBBON REEL CHRISTMAS SOCK BAUBLE,Stationery & Gift Wrap
22891,TEA FOR ONE POLKADOT,Kitchen & Dining
21777,RECIPE BOX WITH METAL HEART,Bags & Storage
21622,VINTAGE UNION JACK CUSHION COVER,Home Decor & Lighting
72816,SET/3 CHRISTMAS DECOUPAGE CANDLES,Home Decor & Lighting
21094,SET/6 RED SPOTTY PAPER PLATES,Stationery & Gift Wrap
82486,WOOD S/3 CABINET ANT WHITE FINISH,Home Decor & Lighting
22229,BUNNY WOODEN PAINTED WITH FLOWER ,Garden & Nature
18098C,PORCELAIN BUTTERFLY OIL BURNER,Garden & Nature
21955,DOORMAT UNION JACK GUNS AND ROSES,Home Decor & Lighting
22203,MILK PAN RED RETROSPOT,Kitchen & Dining
22585,PACK OF 6 BIRDY GIFT TAGS,Stationery & Gift Wrap
15056P,EDWARDIAN PARASOL PINK,Gift & Novelty
22748,POPPY'S PLAYHOUSE KITCHEN,Kitchen & Dining
84879,ASSORTED COLOUR BIRD ORNAMENT,Garden & Nature
22451,SILK PURSE BABUSHKA RED,Uncategorized
84945,MULTI COLOUR SILVER T-LIGHT HOLDER,Home Decor & Lighting
20982,12 PENCILS TALL TUBE SKULLS,Stationery & Gift Wrap
22938,CUPCAKE LACE PAPER SET 6,Stationery & Gift Wrap
22321,BIRD DECORATION RED RETROSPOT,Home Decor & Lighting
22450,SILK PURSE BABUSHKA BLUE,Uncategorized
22592,CARDHOLDER HOLLY WREATH METAL,Seasonal & Occasion
37501,TEA TIME TEA SET IN GIFT BOX,Kitchen & Dining
20966,SANDWICH BATH SPONGE,Uncategorized
85213,MINI  ZINC GARDEN DECORATIONS ,Garden & Nature
22533,MAGIC DRAWING SLATE BAKE A CAKE ,Kitchen & Dining
21870,I CAN ONLY PLEASE ONE PERSON MUG,Kitchen & Dining
21812,GARLAND WITH HEARTS AND BELLS,Home Decor & Lighting
22955,36 FOIL STAR CAKE CASES ,Kitchen & Dining
21807,WHITE CHRISTMAS STAR DECORATION,Home Decor & Lighting
22402,MAGNETS PACK OF 4 VINTAGE COLLAGE,Stationery & Gift Wrap
90147,CHUNKY SILVER NECKLACE PASTEL FLOWE,Uncategorized
84988,SET OF 72 PINK HEART PAPER DOILIES,Kitchen & Dining
21912,VINTAGE SNAKES & LADDERS,Uncategorized
22492,MINI PAINT SET VINTAGE ,Uncategorized
22587,FELTCRAFT HAIRBAND RED AND BLUE,Uncategorized
21520,BOOZE & WOMEN GREETING CARD ,Stationery & Gift Wrap
21929,JUMBO BAG PINK VINTAGE PAISLEY,Bags & Storage
22546,MINI JIGSAW PURDEY,Uncategorized
84674,FLYING PIG WATERING CAN,Uncategorized
84750B,BLACK SMALL GLASS CAKE STAND,Kitchen & Dining
21915,RED  HARMONICA IN BOX ,Bags & Storage
20681,PINK POLKADOT CHILDRENS UMBRELLA,Gift & Novelty
22059,CERAMIC STRAWBERRY DESIGN MUG,Kitchen & Dining
20981,12 PENCILS TALL TUBE WOODLAND,Stationery & Gift Wrap
85199S,SMALL HANGING IVORY/RED WOOD BIRD,Home Decor & Lighting
84380,SET OF 3 BUTTERFLY COOKIE CUTTERS,Kitchen & Dining
21165,BEWARE OF THE CAT METAL SIGN ,Home Decor & Lighting
22333,RETROSPOT PARTY BAG + STICKER SET,Bags & Storage
21992,VINTAGE PAISLEY STATIONERY SET,Uncategorized
21015,DARK BIRD HOUSE TREE DECORATION,Home Decor & Lighting
22550,HOLIDAY FUN LUDO,Uncategorized
22717,CARD DOG AND BALL ,Stationery & Gift Wrap
79051A,SMOKEY GREY COLOUR D.O.F. GLASS,Uncategorized
22142,CHRISTMAS CRAFT WHITE FAIRY ,Seasonal & Occasion
22147,FELTCRAFT BUTTERFLY HEARTS,Garden & Nature
85174,S/4 CACTI CANDLES,Home Decor & Lighting
21166,COOK WITH WINE METAL SIGN ,Home Decor & Lighting
21012,ANTIQUE ALL GLASS CANDLESTICK,Uncategorized
46776D,WOVEN SUNSET CUSHION COVER ,Home Decor & Lighting
22966,GINGERBREAD MAN COOKIE CUTTER,Kitchen & Dining
21817,GLITTER CHRISTMAS TREE,Seasonal & Occasion
22962,JAM JAR WITH PINK LID,Kitchen & Dining
22076,6 RIBBONS EMPIRE  ,Stationery & Gift Wrap
22904,CALENDAR PAPER CUT DESIGN,Stationery & Gift Wrap
20700,GREEN CAT FLORAL CUSHION COVER ,Home Decor & Lighting
21452,TOADSTOOL MONEY BOX,Bags & Storage
22900, SET 2 TEA TOWELS I LOVE LONDON ,Kitchen & Dining
22988,SOLDIERS EGG CUP ,Kitchen & Dining
21258,VICTORIAN SEWING BOX LARGE,Bags & Storage
35240,ENAMEL BLUE RIM OVAL TRAY SET/2,Uncategorized
82578,KITCHEN METAL SIGN,Kitchen & Dining
22764,"RUSTIC WOODEN CABINET, GLASS DOORS",Home Decor & Lighting
22624,IVORY KITCHEN SCALES,Kitchen & Dining
85068,CREAM SWEETHEART SHELF + HOOKS,Gift & Novelty
21791,VINTAGE HEADS AND TAILS CARD GAME ,Stationery & Gift Wrap
21803,CHRISTMAS TREE STAR DECORATION,Home Decor & Lighting
21731,RED TOADSTOOL LED NIGHT LIGHT,Home Decor & Lighting
22630,DOLLY GIRL LUNCH BOX,Kitchen & Dining
22246,MAGIC GARDEN FELT GARLAND ,Home Decor & Lighting
84950,ASSORTED COLOUR T-LIGHT HOLDER,Home Decor & Lighting
84580,MOUSE TOY WITH PINK T-SHIRT,Gift & Novelty
90175C,BLUE GLASS CHUNKY CHARM BRACELET,Uncategorized
85094,CANDY SPOT EGG WARMER RABBIT,Kitchen & Dining
85114a,BLACK ENCHANTED FOREST PLACEMAT,Uncategorized
22950,36 DOILIES VINTAGE CHRISTMAS,Kitchen & Dining
46000M,POLYESTER FILLER PAD 45x45cm,Uncategorized
82600,NO SINGING METAL SIGN,Home Decor & Lighting
21672,WHITE SPOT RED CERAMIC DRAWER KNOB,Home Decor & Lighting
85099B,JUMBO BAG RED RETROSPOT,Bags & Storage
22197,SMALL POPCORN HOLDER,Home Decor & Lighting
22418,10 COLOUR SPACEBOY PEN,Stationery & Gift Wrap
21247,SET OF RED SALAD SERVERS ,Uncategorized
85035A,GARDENIA 3 WICK MORRIS BOXED CANDLE,Home Decor & Lighting
22164,STRING OF STARS CARD HOLDER,Home Decor & Lighting
22381,TOY TIDY PINK POLKADOT,Gift & Novelty
84536A,ENGLISH ROSE NOTEBOOK A7 SIZE,Stationery & Gift Wrap
84709B,PINK OVAL JEWELLED MIRROR,Home Decor & Lighting
20671,BLUE TEATIME PRINT BOWL ,Kitchen & Dining
22791,T-LIGHT GLASS FLUTED ANTIQUE,Home Decor & Lighting
22566,FELTCRAFT HAIRBAND PINK AND PURPLE,Uncategorized
22345,PARTY PIZZA DISH BLUE POLKADOT,Seasonal & Occasion
21161,KEEP OUT BOYS DOOR HANGER ,Home Decor & Lighting
21240,BLUE POLKADOT CUP,Kitchen & Dining
20766,GARDEN PATH SKETCHBOOK,Garden & Nature
22398,MAGNETS PACK OF 4 SWALLOWS,Stationery & Gift Wrap
15044B,BLUE PAPER PARASOL ,Stationery & Gift Wrap
21679,SKULLS  STICKERS,Gift & Novelty
21060,PARTY INVITES BALLOON GIRL,Seasonal & Occasion
21774,DECORATIVE CATS BATHROOM BOTTLE,Kitchen & Dining
20773,BLUE PAISLEY NOTEBOOK,Stationery & Gift Wrap
21422,PORCELAIN ROSE SMALL,Gift & Novelty
20686,DOLLY MIXTURE CHILDREN'S UMBRELLA,Gift & Novelty
22756,LARGE YELLOW BABUSHKA NOTEBOOK ,Stationery & Gift Wrap
21908,CHOCOLATE THIS WAY METAL SIGN,Home Decor & Lighting
20717,STRAWBERRY SHOPPER BAG,Bags & Storage
22841,ROUND CAKE TIN VINTAGE GREEN,Kitchen & Dining
22606,WOODEN SKITTLES GARDEN SET,Garden & Nature
85031B,BLOSSOM IMAGES SCRAP BOOK SET,Uncategorized
21820,GLITTER HEART GARLAND WITH BELLS ,Home Decor & Lighting
21739,COSY SLIPPER SHOES SMALL GREEN,Uncategorized
22772,PINK DRAWER KNOB ACRYLIC EDWARDIAN,Home Decor & Lighting
22549,PICTURE DOMINOES,Home Decor & Lighting
84970S,HANGING HEART ZINC T-LIGHT HOLDER,Home Decor & Lighting
21143,ANTIQUE GLASS HEART DECORATION ,Home Decor & Lighting
21407,BROWN CHECK CAT DOORSTOP ,Home Decor & Lighting
21584,RETROSPOT SMALL TUBE MATCHES,Uncategorized
90082A,DIAMANTE BOW BROOCH GREEN COLOUR,Uncategorized
47367B,PAIR PADDED HANGERS PINK CHECK,Uncategorized
22807,SET OF 6 T-LIGHTS TOADSTOOLS,Home Decor & Lighting
84949,SILVER HANGING T-LIGHT HOLDER,Home Decor & Lighting
21159,MOODY BOY  DOOR HANGER ,Home Decor & Lighting
22189,CREAM HEART CARD HOLDER,Home Decor & Lighting
21055,TOOL BOX SOFT TOY ,Bags & Storage
21065,BOOM BOX SPEAKER GIRLS,Bags & Storage
22263,FELT EGG COSY LADYBIRD ,Uncategorized
21775,DECORATIVE FLORE BATHROOM BOTTLE,Kitchen & Dining
90136,PALE PINK/AMETHYST STONE NECKLACE,Uncategorized
22734,SET OF 6 RIBBONS VINTAGE CHRISTMAS,Stationery & Gift Wrap
22811,SET OF 6 T-LIGHTS CACTI ,Home Decor & Lighting
22858,EASTER TIN KEEPSAKE,Bags & Storage
22895,SET OF 2 TEA TOWELS APPLE AND PEARS,Kitchen & Dining
84520B,PACK 20 ENGLISH ROSE PAPER NAPKINS,Kitchen & Dining
22331,WOODLAND PARTY BAG + STICKER SET,Bags & Storage
21447,12 IVORY ROSE PEG PLACE SETTINGS,Gift & Novelty
21667,GLASS CAKE COVER AND PLATE,Kitchen & Dining
22494,EMERGENCY FIRST AID TIN ,Bags & Storage
21427,SKULLS STORAGE BOX SMALL,Home Decor & Lighting
22099,CARAVAN SQUARE TISSUE BOX,Bags & Storage
84997C,BLUE 3 PIECE POLKADOT CUTLERY SET,Kitchen & Dining
21208,PASTEL COLOUR HONEYCOMB FAN,Uncategorized
22174,PHOTO CUBE,Gift & Novelty
21981,PACK OF 12 WOODLAND TISSUES ,Kitchen & Dining
22304,COFFEE MUG BLUE PAISLEY DESIGN,Kitchen & Dining
21379,CAMPHOR WOOD PORTOBELLO MUSHROOM,Uncategorized
84510E,SET OF 4 GREEN CAROUSEL COASTERS,Uncategorized
21109,"LARGE CAKE TOWEL, CHOCOLATE SPOTS",Kitchen & Dining
20961,STRAWBERRY BATH SPONGE ,Gift & Novelty
82599,FANNY'S REST STOPMETAL SIGN,Home Decor & Lighting
22898,CHILDRENS APRON APPLES DESIGN,Kitchen & Dining
21980,PACK OF 12 RED RETROSPOT TISSUES ,Kitchen & Dining
22800,ANTIQUE TALL SWIRLGLASS TRINKET POT,Bags & Storage
20897,VINTAGE NOTEBOOK PARIS DAYS,Stationery & Gift Wrap
22896,PEG BAG APPLE DESIGN,Bags & Storage
22096,PINK PAISLEY SQUARE TISSUE BOX ,Bags & Storage
22628,PICNIC BOXES SET OF 3 RETROSPOT ,Kitchen & Dining
21327,SKULLS WRITING SET ,Gift & Novelty
21385,IVORY HANGING DECORATION  HEART,Home Decor & Lighting
84378,SET OF 3 HEART COOKIE CUTTERS,Kitchen & Dining
22443,GROW YOUR OWN HERBS SET OF 3,Uncategorized
22180,RETROSPOT LAMP,Home Decor & Lighting
21705,BAG 500g SWIRLY MARBLES,Bags & Storage
22969,HOMEMADE JAM SCENTED CANDLES,Home Decor & Lighting
21656,RIDGED GLASS POSY VASE ,Uncategorized
21614,SET OF 12 ROSE BOTANICAL T-LIGHTS,Home Decor & Lighting
21943,CAKES AND RABBITS DESIGN FLANNEL ,Uncategorized
21802,CHRISTMAS TREE HEART DECORATION,Home Decor & Lighting
84990,60 GOLD AND SILVER FAIRY CAKE CASES,Kitchen & Dining
16011,ANIMAL STICKERS,Uncategorized
84270,ASSTD DESIGN BUBBLE GUM RING,Uncategorized
22106,MIRROR MOSAIC HURRICANE LAMP ,Home Decor & Lighting
22855,FINE WICKER HEART ,Bags & Storage
21657,MILK BOTTLE WITH GLASS STOPPER ,Kitchen & Dining
21432,SET OF 3 CASES WOODLAND DESIGN,Bags & Storage
22574,HEART WOODEN CHRISTMAS DECORATION,Home Decor & Lighting
22310,IVORY KNITTED MUG COSY ,Kitchen & Dining
10002,INFLATABLE POLITICAL GLOBE ,Gift & Novelty
22243,5 HOOK HANGER RED MAGIC TOADSTOOL,Home Decor & Lighting
21285,RETROSPOT CANDLE  MEDIUM,Home Decor & Lighting
82613C,"METAL SIGN,CUPCAKE SINGLE HOOK",Home Decor & Lighting
21609,SET 12 LAVENDER  BOTANICAL T-LIGHTS,Home Decor & Lighting
22758,LARGE PURPLE BABUSHKA NOTEBOOK  ,Stationery & Gift Wrap
21253,SET OF PICTURE FRAME  STICKERS,Home Decor & Lighting
22591,CARDHOLDER GINGHAM CHRISTMAS TREE,Seasonal & Occasion
22687,DOORMAT CHRISTMAS VILLAGE,Home Decor & Lighting
21733,RED HANGING HEART T-LIGHT HOLDER,Home Decor & Lighting
20654,FIRST CLASS LUGGAGE TAG ,Uncategorized
22532,MAGIC DRAWING SLATE LEAP FROG ,Gift & Novelty
84559B,3D SHEET OF CAT STICKERS,Gift & Novelty
21947,SET OF 6 HEART CHOPSTICKS,Gift & Novelty
22556,PLASTERS IN TIN CIRCUS PARADE ,Bags & Storage
85194S,HANGING SPRING FLOWER EGG SMALL,Home Decor & Lighting
20893,HANGING BAUBLE T-LIGHT HOLDER SMALL,Home Decor & Lighting
21538,DAIRY MAID  PUDDING BOWL,Kitchen & Dining
22078,RIBBON REEL LACE DESIGN ,Stationery & Gift Wrap
22270,HAPPY EASTER HANGING DECORATION,Home Decor & Lighting
22667,RECIPE BOX RETROSPOT ,Bags & Storage
84846A,SCENTED CANDLE IN DIGITALIS TIN,Home Decor & Lighting
22617,BAKING SET SPACEBOY DESIGN,Kitchen & Dining
22407,MONEY BOX FIRST ADE DESIGN,Bags & Storage
21577,SAVE THE PLANET COTTON TOTE BAG,Bags & Storage
22582,PACK OF 6 SWEETIE GIFT BOXES,Bags & Storage
16237,SLEEPING CAT ERASERS,Gift & Novelty
22283,6 EGG HOUSE PAINTED WOOD,Uncategorized
22754,SMALL RED BABUSHKA NOTEBOOK ,Stationery & Gift Wrap
20749,ASSORTED COLOUR MINI CASES,Bags & Storage
48194,DOORMAT HEARTS,Home Decor & Lighting
22915,ASSORTED BOTTLE TOP  MAGNETS ,Kitchen & Dining
22265,EASTER DECORATION NATURAL CHICK,Home Decor & Lighting
22725,ALARM CLOCK BAKELIKE CHOCOLATE,Home Decor & Lighting
22925,BLUE GIANT GARDEN THERMOMETER,Garden & Nature
21028,NINJA RABBIT BLACK,Gift & Novelty
21993,FLORAL FOLK STATIONERY SET,Uncategorized
37464,ROBOT MUG IN DISPLAY BOX,Kitchen & Dining
22187,GREEN CHRISTMAS TREE CARD HOLDER,Home Decor & Lighting
35004C,SET OF 3 COLOURED  FLYING DUCKS,Garden & Nature
21935,SUKI  SHOULDER BAG,Bags & Storage
85231G,ORANGE SCENTED SET/9 T-LIGHTS,Home Decor & Lighting
85049G,CHOCOLATE BOX RIBBONS ,Bags & Storage
22534,MAGIC DRAWING SLATE SPACEBOY ,Gift & Novelty
85123a,WHITE HANGING HEART T-LIGHT HOLDER,Home Decor & Lighting
21723,ALPHABET HEARTS STICKER SHEET,Stationery & Gift Wrap
20970,PINK FLORAL FELTCRAFT SHOULDER BAG,Bags & Storage
22436,12 COLOURED PARTY BALLOONS,Seasonal & Occasion
46776C,WOVEN FROST CUSHION COVER,Home Decor & Lighting
20869,GOLD FABRIC MIRROR,Home Decor & Lighting
22433,WATERING CAN GREEN DINOSAUR,Gift & Novelty
22578,WOODEN STAR CHRISTMAS SCANDINAVIAN,Home Decor & Lighting
22194,BLACK DINER WALL CLOCK,Home Decor & Lighting
21896,POTTING SHED TWINE,Uncategorized
21067,VINTAGE RED TEATIME MUG,Kitchen & Dining
90002A,FLOWER BURST SILVER RING OPAL,Garden & Nature
22083,PAPER CHAIN KIT RETROSPOT,Stationery & Gift Wrap
20750,RED RETROSPOT MINI CASES,Bags & Storage
22483,RED GINGHAM TEDDY BEAR ,Uncategorized
22598,CHRISTMAS MUSICAL ZINC TREE,Seasonal & Occasion
22557,PLASTERS IN TIN VINTAGE PAISLEY ,Bags & Storage
22562,MONSTERS STENCIL CRAFT,Craft & Hobby
22299,PIG KEYRING WITH LIGHT & SOUND ,Home Decor & Lighting
21790,VINTAGE SNAP CARDS,Stationery & Gift Wrap
22485,SET OF 2 WOODEN MARKET CRATES,Uncategorized
22829,SWEETHEART WIRE WALL TIDY,Gift & Novelty
22661,CHARLOTTE BAG DOLLY GIRL DESIGN,Bags & Storage
21291,SMALL POLKADOT CHOCOLATE GIFT BAG ,Bags & Storage
22660,DOORMAT I LOVE LONDON,Home Decor & Lighting
85045,GREEN CHRISTMAS TREE STRING 20LIGHT,Seasonal & Occasion
22364,GLASS JAR DIGESTIVE BISCUITS,Kitchen & Dining
21366,MIRRORED WALL ART PHOTO FRAMES,Gift & Novelty
85132C,CHARLIE AND LOLA FIGURES TINS,Bags & Storage
22465,HANGING METAL STAR LANTERN,Home Decor & Lighting
85039C,S/4 BLACK MINI ROSE CANDLE IN BOWL,Kitchen & Dining
20655,QUEEN OF SKIES LUGGAGE TAG,Uncategorized
85159A,"BLACK TEA,COFFEE,SUGAR JARS",Kitchen & Dining
22119,PEACE WOODEN BLOCK LETTERS,Gift & Novelty
21877,HOME SWEET HOME MUG,Kitchen & Dining
84944,SET OF 6 KASHMIR FOLKART BAUBLES,Uncategorized
22579,WOODEN TREE CHRISTMAS SCANDINAVIAN,Seasonal & Occasion
21801,CHRISTMAS TREE DECORATION WITH BELL,Home Decor & Lighting
22421,LIPSTICK PEN FUSCHIA,Stationery & Gift Wrap
22599,CHRISTMAS MUSICAL ZINC STAR,Home Decor & Lighting
20992,JAZZ HEARTS PURSE NOTEBOOK,Stationery & Gift Wrap
22220,CAKE STAND LOVEBIRD 2 TIER WHITE,Kitchen & Dining
22786,PILLOWCUSHION COVER PINK UNION JACK,Uncategorized
85063,CREAM SWEETHEART MAGAZINE RACK,Gift & Novelty
20967,GREY FLORAL FELTCRAFT SHOULDER BAG,Bags & Storage
35954,SMALL FOLKART STAR CHRISTMAS DEC,Home Decor & Lighting
47591B,SCOTTIES CHILDRENS APRON,Kitchen & Dining
82613A,"METAL SIGN,CUPCAKE SINGLE HOOK",Home Decor & Lighting
22509,SEWING BOX RETROSPOT DESIGN ,Bags & Storage
84880,WHITE WIRE EGG HOLDER,Home Decor & Lighting
21880,RED RETROSPOT TAPE,Uncategorized
22700,BLACK AND WHITE DOG BOWL,Kitchen & Dining
22072,RED RETROSPOT TEA CUP AND SAUCER ,Kitchen & Dining
21809,CHRISTMAS HANGING TREE WITH BELL,Home Decor & Lighting
22664,TOY TIDY DOLLY GIRL DESIGN,Gift & Novelty
22584,PACK OF 6 PANNETONE GIFT BOXES,Bags & Storage
48187,DOORMAT NEW ENGLAND,Home Decor & Lighting
22761,CHEST 7 DRAWER MA CAMPAGNE,Home Decor & Lighting
90010B,BLACK/WHITE GLASS/SILVER BRACELET,Uncategorized
22943,CHRISTMAS LIGHTS 10 VINTAGE BAUBLES,Home Decor & Lighting
21879,HEARTS GIFT TAPE,Stationery & Gift Wrap
22719,GUMBALL MONOCHROME COAT RACK,Uncategorized
21578,WOODLAND DESIGN  COTTON TOTE BAG,Bags & Storage
85034C,3 ROSE MORRIS BOXED CANDLES,Home Decor & Lighting
22571,ROCKING HORSE RED CHRISTMAS ,Seasonal & Occasion
22773,GREEN DRAWER KNOB ACRYLIC EDWARDIAN,Home Decor & Lighting
20751,FUNKY WASHING UP GLOVES ASSORTED,Kitchen & Dining
84927F,PSYCHEDELIC TILE HOOK,Home Decor & Lighting
21357,TOAST ITS - DINOSAUR,Gift & Novelty
21888,BINGO SET,Uncategorized
22565,FELTCRAFT HAIRBANDS PINK AND WHITE ,Uncategorized
22502,PICNIC BASKET WICKER SMALL,Kitchen & Dining
22645,CERAMIC HEART FAIRY CAKE MONEY BANK,Kitchen & Dining
21703,BAG 125g SWIRLY MARBLES,Bags & Storage
21741,COSY SLIPPER SHOES LARGE GREEN,Uncategorized
37482P,CUBIC MUG PINK POLKADOT,Kitchen & Dining
21591,COSY HOUR CIGAR BOX MATCHES ,Bags & Storage
21238,RED RETROSPOT CUP,Kitchen & Dining
22181,SNOWSTORM PHOTO FRAME FRIDGE MAGNET,Home Decor & Lighting
84459A,PINK METAL CHICKEN HEART ,Gift & Novelty
21380,WOODEN HAPPY BIRTHDAY GARLAND,Home Decor & Lighting
22702,BLACK AND WHITE CAT BOWL,Kitchen & Dining
48111,DOORMAT 3 SMILEY CATS,Home Decor & Lighting
21039,RED RETROSPOT SHOPPING BAG,Bags & Storage
21828,EIGHT PIECE SNAKE  SET,Uncategorized
22339,CHRISTMAS TREE PAINTED ZINC ,Seasonal & Occasion
22779,WOODEN OWLS LIGHT GARLAND ,Home Decor & Lighting
22619,SET OF 6 SOLDIER SKITTLES,Uncategorized
16053,POPART COL BALLPOINT PEN ASST,Stationery & Gift Wrap
21122,SET/10 PINK POLKADOT PARTY CANDLES,Home Decor & Lighting
22168,ORGANISER WOOD ANTIQUE WHITE ,Uncategorized
84422,PINK/BLUE DISC/MIRROR STRING,Home Decor & Lighting
21643,ASSORTED TUTTI FRUTTI MIRROR,Home Decor & Lighting
21125,SET 6 FOOTBALL CELEBRATION CANDLES,Home Decor & Lighting
21821,GLITTER STAR GARLAND WITH BELLS ,Home Decor & Lighting
21640,ASSORTED TUTTI FRUTTI  FOB NOTEBOOK,Stationery & Gift Wrap
47503A,ASS FLORAL PRINT MULTI SCREWDRIVER,Uncategorized
21217,RED RETROSPOT ROUND CAKE TINS,Kitchen & Dining
21725,SWEETIES  STICKERS,Uncategorized
79144C,PAINTED LIGHTBULB RAINBOW DESIGN,Uncategorized
21587,COSY HOUR GIANT TUBE MATCHES,Uncategorized
20969,RED FLORAL FELTCRAFT SHOULDER BAG,Bags & Storage
22473,TV DINNER TRAY VINTAGE PAISLEY,Uncategorized
22670,FRENCH WC SIGN BLUE METAL,Home Decor & Lighting
48138,DOORMAT UNION FLAG,Home Decor & Lighting
72814,SET OF 3 CHRISTMAS BRIAR CANDLES,Home Decor & Lighting
22926,IVORY GIANT GARDEN THERMOMETER,Garden & Nature
22064,PINK DOUGHNUT TRINKET POT ,Bags & Storage
22155,STAR DECORATION RUSTIC,Home Decor & Lighting
21239,PINK  POLKADOT CUP,Kitchen & Dining
85047,WHITE BEADED GARLAND STRING 20LIGHT,Home Decor & Lighting
20711,JUMBO BAG TOYS ,Bags & Storage
90128D,PURPLE LEAVES AND BEADS PHONE CHAR,Uncategorized
22070,SMALL RED RETROSPOT MUG IN BOX ,Kitchen & Dining
22603,CHRISTMAS RETROSPOT TREE WOOD,Seasonal & Occasion
84913A,SOFT PINK ROSE TOWEL ,Gift & Novelty
22346,PARTY PIZZA DISH GREEN POLKADOT,Seasonal & Occasion
22412,METAL SIGN NEIGHBOURHOOD WITCH ,Home Decor & Lighting
22665,RECIPE BOX BLUE SKETCHBOOK DESIGN,Bags & Storage
17165D,ASS COL LARGE SAND FROG P'WEIGHT,Uncategorized
22130,PARTY CONE CHRISTMAS DECORATION ,Home Decor & Lighting
72760B,VINTAGE CREAM 3 BASKET CAKE STAND,Kitchen & Dining
22948,METAL DECORATION NAUGHTY CHILDREN ,Home Decor & Lighting
21788,KIDS RAIN MAC BLUE,Uncategorized
21011,GLITTER SNOW PEAR TREE DECORATION,Home Decor & Lighting
22219,LOVEBIRD HANGING DECORATION WHITE ,Home Decor & Lighting
84997b,RED 3 PIECE RETROSPOT CUTLERY SET,Kitchen & Dining
85017A,ENVELOPE 50 ROMANTIC IMAGES,Uncategorized
90145,SILVER HOOP EARRINGS WITH FLOWER,Garden & Nature
22326,ROUND SNACK BOXES SET OF4 WOODLAND ,Bags & Storage
22597,CHRISTMAS MUSICAL ZINC HEART ,Seasonal & Occasion
72351A,SET/6 TURQUOISE BUTTERFLY T-LIGHTS,Home Decor & Lighting
21914,BLUE HARMONICA IN BOX ,Bags & Storage
85099C,JUMBO  BAG BAROQUE BLACK WHITE,Bags & Storage
22295,HEART FILIGREE DOVE LARGE,Gift & Novelty
84637,KITCHEN FLOWER POTS WALL PLAQUE,Kitchen & Dining
84341B,SMALL PINK MAGIC CHRISTMAS TREE,Seasonal & Occasion
22350,ILLUSTRATED CAT BOWL ,Kitchen & Dining
22519,CHILDS GARDEN BRUSH PINK,Garden & Nature
22897,OVEN MITT APPLES DESIGN,Uncategorized
22437,SET OF 9 BLACK SKULL BALLOONS,Gift & Novelty
22207,FRYING PAN UNION FLAG,Uncategorized
46126A,ELVIS WALLHANGING / CURTAIN,Uncategorized
22899,CHILDREN'S APRON DOLLY GIRL ,Kitchen & Dining
21819,GLITTER CHRISTMAS STAR ,Home Decor & Lighting
21658,GLASS  BEURRE DISH,Uncategorized
22671,FRENCH LAUNDRY SIGN BLUE METAL,Home Decor & Lighting
22842,BISCUIT TIN VINTAGE RED,Bags & Storage
20668,DISCO BALL CHRISTMAS DECORATION,Home Decor & Lighting
90173,PAIR BUTTERFLY HAIR CLIPS,Garden & Nature
17012B,ORIGAMI JASMINE INCENSE/CANDLE SET,Home Decor & Lighting
22110,BIRD HOUSE HOT WATER BOTTLE,Kitchen & Dining
21827,EIGHT PIECE CREEPY CRAWLIE SET,Uncategorized
22968,ROSE COTTAGE KEEPSAKE BOX ,Bags & Storage
82613D,METAL SIGN CUPCAKE SINGLE HOOK,Home Decor & Lighting
21717,EASTER TIN BUCKET,Bags & Storage
21329,DINOSAURS  WRITING SET ,Gift & Novelty
22567,20 DOLLY PEGS RETROSPOT,Gift & Novelty
21883,STARS GIFT TAPE ,Stationery & Gift Wrap
22615,PACK OF 12 CIRCUS PARADE TISSUES ,Kitchen & Dining
21469,POLKA DOT RAFFIA FOOD COVER,Uncategorized
22569,FELTCRAFT CUSHION BUTTERFLY,Home Decor & Lighting
47590A,BLUE HAPPY BIRTHDAY BUNTING,Home Decor & Lighting
22902,TOTE BAG I LOVE LONDON,Bags & Storage
85184C,S/4 VALENTINE DECOUPAGE HEART BOX,Bags & Storage
85204,HANGING WOOD AND FELT FLOWER,Home Decor & Lighting
21364,PEACE SMALL WOOD LETTERS,Gift & Novelty
72817,SET OF 2 CHRISTMAS DECOUPAGE CANDLE,Home Decor & Lighting
85179A,GREEN BITTY LIGHT CHAIN,Home Decor & Lighting
22629,SPACEBOY LUNCH BOX ,Kitchen & Dining
20941,FROG CANDLE,Home Decor & Lighting
22079,RIBBON REEL HEARTS DESIGN ,Stationery & Gift Wrap
35471D,SET OF 3 BIRD LIGHT PINK FEATHER ,Home Decor & Lighting
21930,JUMBO STORAGE BAG SKULLS,Home Decor & Lighting
84884A,ANT WHITE WIRE HEART SPIRAL,Gift & Novelty
22618,COOKING SET RETROSPOT,Uncategorized
22650,CERAMIC PIRATE CHEST MONEY BANK,Gift & Novelty
20985,HEART CALCULATOR,Gift & Novelty
21890,S/6 WOODEN SKITTLES IN COTTON BAG,Bags & Storage
22139,RETROSPOT TEA SET CERAMIC 11 PC ,Kitchen & Dining
22759,SET OF 3 NOTEBOOKS IN PARCEL,Uncategorized
22588,CARD HOLDER GINGHAM HEART,Home Decor & Lighting
22144,CHRISTMAS CRAFT LITTLE FRIENDS,Seasonal & Occasion
22274,FELTCRAFT DOLL EMILY,Gift & Novelty
85214,TUB 24 PINK FLOWER PEGS,Garden & Nature
22529,MAGIC DRAWING SLATE GO TO THE FAIR ,Gift & Novelty
21611,SET OF 12 LILY BOTANICAL T-LIGHTS,Home Decor & Lighting
90214H,"LETTER ""H"" BLING KEY RING",Gift & Novelty
18097C,WHITE TALL PORCELAIN T-LIGHT HOLDER,Home Decor & Lighting
90192,JADE DROP EARRINGS W FILIGREE,Uncategorized
21500,PINK POLKADOT WRAP ,Stationery & Gift Wrap
22704,WRAP RED APPLES ,Stationery & Gift Wrap
21642,ASSORTED TUTTI FRUTTI PEN,Stationery & Gift Wrap
22576,SWALLOW WOODEN CHRISTMAS DECORATION,Home Decor & Lighting
85042,ANTIQUE LILY FAIRY LIGHTS,Home Decor & Lighting
22776,SWEETHEART CAKESTAND 3 TIER,Gift & Novelty
90177D,DROP DIAMANTE EARRINGS PURPLE,Uncategorized
20831,GOLD PHOTO FRAME,Home Decor & Lighting
22349,DOG BOWL CHASING BALL DESIGN,Kitchen & Dining
82567,"AIRLINE LOUNGE,METAL SIGN",Home Decor & Lighting
22385,JUMBO BAG SPACEBOY DESIGN,Bags & Storage
85179C,PINK BITTY LIGHT CHAIN,Home Decor & Lighting
21931,JUMBO STORAGE BAG SUKI,Home Decor & Lighting
22151,PLACE SETTING WHITE HEART,Gift & Novelty
22325,MOBILE VINTAGE HEARTS ,Gift & Novelty
21548,CERAMIC BIRDHOUSE FINCH BLUE ROOF,Uncategorized
20979,36 PENCILS TUBE RED RETROSPOT,Stationery & Gift Wrap
22134,LADLE LOVE HEART RED ,Gift & Novelty
71459,HANGING JAM JAR T-LIGHT HOLDER,Kitchen & Dining
22974,CHILDRENS DOLLY GIRL MUG,Kitchen & Dining
22963,JAM JAR WITH GREEN LID,Kitchen & Dining
22489,PACK OF 12 TRADITIONAL CRAYONS,Uncategorized
85038,6 CHOCOLATE LOVE HEART T-LIGHTS,Home Decor & Lighting
20622,VIPPASSPORT COVER ,Uncategorized
22854,CREAM SWEETHEART EGG HOLDER,Home Decor & Lighting
35591T,TURQUOISE CHRISTMAS TREE ,Seasonal & Occasion
22188,BLACK HEART CARD HOLDER,Home Decor & Lighting
82484,WOOD BLACK BOARD ANT WHITE FINISH,Uncategorized
22215,CAKE STAND WHITE TWO TIER LACE,Kitchen & Dining
22964,3 PIECE SPACEBOY COOKIE CUTTER SET,Kitchen & Dining
21186,WHITE DOVE HONEYCOMB PAPER GARLAND,Home Decor & Lighting
22057,CERAMIC PLATE STRAWBERRY DESIGN,Kitchen & Dining
21251,DINOSAUR HEIGHT CHART STICKER SET,Gift & Novelty
22067,CHOC TRUFFLE GOLD TRINKET POT ,Bags & Storage
22744,MAKE YOUR OWN MONSOON CARD KIT,Stationery & Gift Wrap
46000S,POLYESTER FILLER PAD 40x40cm,Uncategorized
21041,RED RETROSPOT OVEN GLOVE DOUBLE,Kitchen & Dining
22341,LOVE GARLAND PAINTED ZINC ,Home Decor & Lighting
21670,BLUE SPOT CERAMIC DRAWER KNOB,Home Decor & Lighting
71143,SILVER BOOK MARK WITH BEADS,Uncategorized
21588,RETROSPOT GIANT TUBE MATCHES,Uncategorized
90070,RUBY GLASS CLUSTER BRACELET,Uncategorized
20765,CHRYSANTHEMUM SKETCHBOOK ,Uncategorized
82552,WASHROOM METAL SIGN,Home Decor & Lighting
48129,DOORMAT TOPIARY,Home Decor & Lighting
22378,WALL TIDY RETROSPOT ,Uncategorized
22480,RED TEA TOWEL CLASSIC DESIGN,Kitchen & Dining
22677,FRENCH BLUE METAL DOOR SIGN 2,Home Decor & Lighting
21116,OWL DOORSTOP,Home Decor & Lighting
21792,CLASSIC FRENCH STYLE BASKET GREEN ,Bags & Storage
90059A,DIAMANTE HAIR GRIP PACK/2 CRYSTAL,Uncategorized
85114B,IVORY ENCHANTED FOREST PLACEMAT,Uncategorized
90210B,CLEAR ACRYLIC FACETED BANGLE,Uncategorized
85131A,BEADED PEARL HEART WHITE ON STICK,Gift & Novelty
20803,SMALL PINK GLASS SUNDAE DISH,Uncategorized
22711,WRAP CIRCUS PARADE,Stationery & Gift Wrap
22627,MINT KITCHEN SCALES,Kitchen & Dining
85169B,BLACK LOVE BIRD CANDLE,Home Decor & Lighting
21677,HEARTS  STICKERS,Gift & Novelty
90098,NECKLACE+BRACELET PINK BUTTERFLY,Garden & Nature
21533,RETROSPOT LARGE MILK JUG,Kitchen & Dining
21714,CITRONELLA CANDLE GARDEN POT,Home Decor & Lighting
17084N,FAIRY DREAMS INCENSE ,Gift & Novelty
21324,HANGING MEDINA LANTERN SMALL,Home Decor & Lighting
22442,GROW YOUR OWN FLOWERS SET OF 3,Uncategorized
21288,STRIPEY CHOCOLATE NESTING BOXES,Bags & Storage
22593,CHRISTMAS GINGHAM STAR,Home Decor & Lighting
